Internal ID;Name;Display Name;Purchase Description;Costing Method;WIP Cost Variance Account;Type;BIO_CAM_LINEA
12502;BK00000001;5X1 EVOLUTION;5X1 EVOLUTION;Average;6686 ;Assembly;BULK Y PRODUCTOS INTERMEDIOS
2997;BK00000006;AUMENTHA ATP;AUMENTHA ATP;Average;6686 ;Assembly;BULK Y PRODUCTOS INTERMEDIOS
12509;BK00000009;BIOFLAM;BIOFLAM;Average;6686;Assembly;BULK Y PRODUCTOS INTERMEDIOS
12500;BK00000011;BIOMEC 100 L.A.;BIOMEC 100 L.A.;Average;6686;Assembly;BULK Y PRODUCTOS INTERMEDIOS
12511;BK00000012;BIOMEC 120 L.A. DORADO;BIOMEC 120 L.A. DORADO;Average;6686;Assembly;BULK Y PRODUCTOS INTERMEDIOS
12514;BK00000015;BIOMEC GOLD 3.15%;BIOMEC GOLD 3.15%;Average;6686;Assembly;BULK Y PRODUCTOS INTERMEDIOS
12517;BK00000018;BIOMICINA L.A.;BIOMICINA L.A.;Average;6686;Assembly;BULK Y PRODUCTOS INTERMEDIOS
12518;BK00000019;BIOMISIL 0.1%;BIOMISIL 0.1%;Average;6686;Assembly;BULK Y PRODUCTOS INTERMEDIOS
12519;BK00000020;BIOMISIL 1%;BIOMISIL 1%;Average;6686;Assembly;BULK Y PRODUCTOS INTERMEDIOS
12522;BK00000023;BIOMIZONA;BIOMIZONA;Average;6686;Assembly;BULK Y PRODUCTOS INTERMEDIOS
12523;BK00000024;BIOMIZONA DORADA L.A.;BIOMIZONA DORADA L.A.;Average;6686;Assembly;BULK Y PRODUCTOS INTERMEDIOS
12526;BK00000027;CALOI NF;CALOI NF;Average;6686;Assembly;BULK Y PRODUCTOS INTERMEDIOS
12527;BK00000028;CALOVIT;CALOVIT;Average;6686;Assembly;BULK Y PRODUCTOS INTERMEDIOS
12532;BK00000033;DIUREX;DIUREX;Average;6686;Assembly;BULK Y PRODUCTOS INTERMEDIOS
12534;BK00000035;ECTOBULL;ECTOBULL;Average;6686;Assembly;BULK Y PRODUCTOS INTERMEDIOS
12536;BK00000037;ENROMAX L.A.;ENROMAX L.A.;Average;6686;Assembly;BULK Y PRODUCTOS INTERMEDIOS
12537;BK00000038;FENACUR;FENACUR;Average;6686;Assembly;BULK Y PRODUCTOS INTERMEDIOS
12539;BK00000040;FLUXIN;FLUXIN;Average;6686;Assembly;BULK Y PRODUCTOS INTERMEDIOS
12542;BK00000043;HEMATOVIT;HEMATOVIT;Average;6686;Assembly;BULK Y PRODUCTOS INTERMEDIOS
12548;BK00000051;PLASMOL DORADO;PLASMOL DORADO;Average;6686;Assembly;BULK Y PRODUCTOS INTERMEDIOS
12549;BK00000052;PM 7,11;PM 7,11;Average;6686;Assembly;BULK Y PRODUCTOS INTERMEDIOS
12550;BK00000053;POTENCIAL 25%;POTENCIAL 25%;Average;6686;Assembly;BULK Y PRODUCTOS INTERMEDIOS
12553;BK00000056;SULFAQUINOXALINA SULFAMONT;SULFAQUINOXALINA SULFAMONT;Average;6686;Assembly;BULK Y PRODUCTOS INTERMEDIOS
12554;BK00000057;SULFATRIM;SULFATRIM;Average;6686;Assembly;BULK Y PRODUCTOS INTERMEDIOS
12555;BK00000058;SUPER L.A.;SUPER L.A.;Average;6686;Assembly;BULK Y PRODUCTOS INTERMEDIOS
12556;BK00000059;TOLCOCX;TOLCOCX;Average;6686;Assembly;BULK Y PRODUCTOS INTERMEDIOS
12565;BK00000068;CEROZANIL;CEROZANIL;Average;6686;Assembly;BULK Y PRODUCTOS INTERMEDIOS
12567;BK00000071;GIGANTOL ADE;GIGANTOL ADE;Average;6686;Assembly;BULK Y PRODUCTOS INTERMEDIOS
12573;BK00000078;BIOMEC F;BIOMEC F;Average;6686;Assembly;BULK Y PRODUCTOS INTERMEDIOS
12582;BK00000087;LECHERIN MAX;LECHERIN MAX;Average;6686;Assembly;BULK Y PRODUCTOS INTERMEDIOS
12583;BK00000088;FERRODEX;FERRODEX;Average;6686;Assembly;BULK Y PRODUCTOS INTERMEDIOS
12585;BK00000090;PROMOTHOR;PROMOTHOR;Average;6686;Assembly;BULK Y PRODUCTOS INTERMEDIOS
12593;BK00000098;BIOMEC MAX;BIOMEC MAX;Average;6686;Assembly;BULK Y PRODUCTOS INTERMEDIOS
12598;BK00000103;5X1 DORADO;5X1 DORADO;Average;6686;Assembly;BULK Y PRODUCTOS INTERMEDIOS
12629;BK00000134;HEPATIN CAPS;HEPATIN CAPS;Average;6686;Assembly;BULK Y PRODUCTOS INTERMEDIOS
12636;BK00000141;FENACUR NF;FENACUR NF;Average;6686;Assembly;BULK Y PRODUCTOS INTERMEDIOS
12639;BK00000144;EQUAMOX;EQUAMOX;Average;6686;Assembly;BULK Y PRODUCTOS INTERMEDIOS
12641;BK00000146;LECHERIN NF;LECHERIN NF;Average;6686;Assembly;BULK Y PRODUCTOS INTERMEDIOS
12645;BK00000150;GERIAX;GERIAX;Average;6686;Assembly;BULK Y PRODUCTOS INTERMEDIOS
12649;BK00000154;5x1 EVOLUTION NF;5x1 EVOLUTION NF;Average;6686;Assembly;BULK Y PRODUCTOS INTERMEDIOS
12651;BK00000156;VAQUERO;VAQUERO;Average;6686;Assembly;BULK Y PRODUCTOS INTERMEDIOS
12655;BK00000161;PET SHINE;PET SHINE;Average;6686;Assembly;BULK Y PRODUCTOS INTERMEDIOS
12660;BK00000166;AMINOPROX;AMINOPROX;Average;6686;Assembly;BULK Y PRODUCTOS INTERMEDIOS
12662;BK00000168;TRICLAFORT 20%;TRICLAFORT 20%;Average;6686;Assembly;BULK Y PRODUCTOS INTERMEDIOS
12663;BK00000169;SEMENTAL;SEMENTAL;Average;6686;Assembly;BULK Y PRODUCTOS INTERMEDIOS
12779;BK00000177;BÁLSAMO HIDRATANTE PETCO;BÁLSAMO HIDRATANTE PETCO;Average;6686;Assembly;BULK Y PRODUCTOS INTERMEDIOS
14382;BK00000178;CREMA CURATIVA PETCO;CREMA CURATIVA PETCO;Average;6686;Assembly;BULK Y PRODUCTOS INTERMEDIOS
14530;BK00000179;5X1 DORADO (NF);5X1 DORADO (NF);Average;6686;Assembly;BULK Y PRODUCTOS INTERMEDIOS
15266;BK00000180;RACION;RACION;Average;6686;Assembly;BULK Y PRODUCTOS INTERMEDIOS
15276;BK00000181;CEFAPET;CEFAPET;Average;6686;Assembly;BULK Y PRODUCTOS INTERMEDIOS
15284;BK00000182;KARPROFEN;KARPROFEN;Average;6686;Assembly;BULK Y PRODUCTOS INTERMEDIOS
15300;BK00000184;FLORBIOMIZONA;FLORBIOMIZONA;Average;6686;Assembly;BULK Y PRODUCTOS INTERMEDIOS
15418;BK00000188;OPRURIX;OPRURIX;Average;6686;Assembly;BULK Y PRODUCTOS INTERMEDIOS
15570;BK00000189;PASTA CICATRIZANTE PETCO;PASTA CICATRIZANTE PETCO;Average;6686;Assembly;BULK Y PRODUCTOS INTERMEDIOS
15613;BK00000190;HEPATIN TABS;HEPATIN TABS;Average;6686;Assembly;BULK Y PRODUCTOS INTERMEDIOS
15785;BK00000191;OTOLOG LIMPIADOR;OTOLOG LIMPIADOR;Average;6686;Assembly;BULK Y PRODUCTOS INTERMEDIOS
16351;BK00000192;5X1 GOLD MAX (B);5X1 GOLD MAX (B);Average;6686;Assembly;BULK Y PRODUCTOS INTERMEDIOS
17181;BK00000194;BIOMICINA 100;BIOMICINA 100;Average;6686;Assembly;BULK Y PRODUCTOS INTERMEDIOS
17235;BK00000196;RANOX;RANOX;Average;6686;Assembly;BULK Y PRODUCTOS INTERMEDIOS
17252;BK00000197;ZOLINEX 12.5% DORADO;ZOLINEX 12.5% DORADO;Average;6686;Assembly;BULK Y PRODUCTOS INTERMEDIOS
17318;BK00000198;AUMENTHA ATP NF;AUMENTHA ATP NF;Average;6686;Assembly;BULK Y PRODUCTOS INTERMEDIOS
17344;BK00000199;PETCO DIGESTIVO;PETCO DIGESTIVO;Average;6686;Assembly;BULK Y PRODUCTOS INTERMEDIOS
17408;BK00000200;POTENZA NF;POTENZA NF;Average;6686;Assembly;BULK Y PRODUCTOS INTERMEDIOS
17416;BK00000201;PETCO INMUNOLÓGICO;PETCO INMUNOLÓGICO;Average;6686;Assembly;BULK Y PRODUCTOS INTERMEDIOS
17432;BK00000202;CORTIPET;CORTIPET;Average;6686;Assembly;BULK Y PRODUCTOS INTERMEDIOS
17447;BK00000203;MASCOTABS;MASCOTABS;Average;6686;Assembly;BULK Y PRODUCTOS INTERMEDIOS
17500;BK00000204;CLINDAPET;CLINDAPET;Average;6686;Assembly;BULK Y PRODUCTOS INTERMEDIOS
17542;BK00000205;PROTEGGO CATS;PROTEGGO CATS;Average;6686;Assembly;BULK Y PRODUCTOS INTERMEDIOS
12084;IMP0000024;SPETTRO DC x CJA20;SPETTRO DC x CJA20;Average;6686;Assembly;SEMISOLIDOS
12082;IMP0000221;ZEROLAC x 100ml;ZEROLAC x 100ml;Average;6686;Assembly;INYECTABLES
12083;IMP0000222;ZEROLAC x 250ml;ZEROLAC x 250ml;Average;6686;Assembly;INYECTABLES
11492;INY0000002;AUMENTHA ATP x 50 mL;AUMENTHA ATP x 50 mL;Average;6686;Assembly;INYECTABLES
11593;INY0000003;AUMENTHA ATP x 100mL;AUMENTHA ATP x 100mL;Average;6686;Assembly;INYECTABLES
11493;INY0000004;AUMENTHA ATP x 250mL;AUMENTHA ATP x 250mL;Average;6686;Assembly;INYECTABLES
11494;INY0000005;AUMENTHA ATP x 500mL;AUMENTHA ATP x 500mL;Average;6686;Assembly;INYECTABLES
11595;INY0000007;BIOFLAM x 100mL;BIOFLAM x 100mL;Average;6686;Assembly;INYECTABLES
11596;INY0000008;BIOFLAM x 250mL;BIOFLAM x 250mL;Average;6686;Assembly;INYECTABLES
11597;INY0000012;BIOMEC 100 L.A. x 50 mL;BIOMEC 100 L.A. x 50 mL;Average;6686;Assembly;INYECTABLES
11598;INY0000013;BIOMEC 100 L.A. x 100mL;BIOMEC 100 L.A. x 100mL;Average;6686;Assembly;INYECTABLES
11599;INY0000014;BIOMEC 100 L.A. x 250mL;BIOMEC 100 L.A. x 250mL;Average;6686;Assembly;INYECTABLES
11600;INY0000015;BIOMEC 100 L.A. x 500mL;BIOMEC 100 L.A. x 500mL;Average;6686;Assembly;INYECTABLES
11601;INY0000018;BIOMEC 120 L.A. DORADO x 50 mL;BIOMEC 120 L.A. DORADO x 50 mL;Average;6686;Assembly;INYECTABLES
11602;INY0000019;BIOMEC 120 L.A. DORADO x 100mL;BIOMEC 120 L.A. DORADO x 100mL;Average;6686;Assembly;INYECTABLES
11603;INY0000020;BIOMEC 120 L.A. DORADO x 250mL;BIOMEC 120 L.A. DORADO x 250mL;Average;6686;Assembly;INYECTABLES
11391;INY0000021;BIOMEC 120 L.A. DORADO x 500mL;BIOMEC 120 L.A. DORADO x 500mL;Average;6686;Assembly;INYECTABLES
11604;INY0000024;BIOMEC 120 L.A. DORADO EXPORT x 20 mL;BIOMEC 120 L.A. DORADO EXPORT x 20 mL;Average;6686;Assembly;INYECTABLES
11605;INY0000025;BIOMEC 120 L.A. DORADO EXPORT x 50 mL;BIOMEC 120 L.A. DORADO EXPORT x 50 mL;Average;6686;Assembly;INYECTABLES
11606;INY0000026;BIOMEC 120 L.A. DORADO EXPORT x 100mL;BIOMEC 120 L.A. DORADO EXPORT x 100mL;Average;6686;Assembly;INYECTABLES
12964;INY0000027;BIOMEC 120 L.A. DORADO EXPORT x 250mL;BIOMEC 120 L.A. DORADO EXPORT x 250mL;Average;6686;Assembly;INYECTABLES
11608;INY0000028;BIOMEC 120 L.A. DORADO EXPORT x 500mL;BIOMEC 120 L.A. DORADO EXPORT x 500mL;Average;6686;Assembly;INYECTABLES
11609;INY0000039;BIOMEC GOLD 3.15% x 50 mL;BIOMEC GOLD 3.15% x 50 mL;Average;6686;Assembly;INYECTABLES
11610;INY0000040;BIOMEC GOLD 3.15% x 100mL;BIOMEC GOLD 3.15% x 100mL;Average;6686;Assembly;INYECTABLES
11611;INY0000041;BIOMEC GOLD 3.15% x 250mL;BIOMEC GOLD 3.15% x 250mL;Average;6686;Assembly;INYECTABLES
11612;INY0000042;BIOMEC GOLD 3.15% x 500mL;BIOMEC GOLD 3.15% x 500mL;Average;6686;Assembly;INYECTABLES
11613;INY0000046;BIOMICINA L.A. x 50 mL;BIOMICINA L.A. x 50 mL;Average;6686;Assembly;INYECTABLES
11614;INY0000047;BIOMICINA L.A. x 100mL;BIOMICINA L.A. x 100mL;Average;6686;Assembly;INYECTABLES
11615;INY0000048;BIOMICINA L.A. x 250mL;BIOMICINA L.A. x 250mL;Average;6686;Assembly;INYECTABLES
12904;INY0000049;BIOMISIL 0.1% x 20 mL;BIOMISIL 0.1% x 20 mL;Average;6686;Assembly;INYECTABLES
11616;INY0000052;BIOMISIL 1% x 50 mL;BIOMISIL 1% x 50 mL;Average;6686;Assembly;INYECTABLES
11617;INY0000053;BIOMISIL 1% x 100mL;BIOMISIL 1% x 100mL;Average;6686;Assembly;INYECTABLES
11618;INY0000054;BIOMISIL 1% x 250mL;BIOMISIL 1% x 250mL;Average;6686;Assembly;INYECTABLES
11619;INY0000055;BIOMISIL 1% x 500mL;BIOMISIL 1% x 500mL;Average;6686;Assembly;INYECTABLES
12932;INY0000065;BIOMIZONA x 20mL;BIOMIZONA x 20mL;Average;6686;Assembly;INYECTABLES
11620;INY0000066;BIOMIZONA x 50 mL;BIOMIZONA x 50 mL;Average;6686;Assembly;INYECTABLES
11621;INY0000067;BIOMIZONA x 100mL;BIOMIZONA x 100mL;Average;6686;Assembly;INYECTABLES
11622;INY0000068;BIOMIZONA x 250mL;BIOMIZONA x 250mL;Average;6686;Assembly;INYECTABLES
11623;INY0000069;BIOMIZONA x 500mL;BIOMIZONA x 500mL;Average;6686;Assembly;INYECTABLES
11624;INY0000072;BIOMIZONA DORADA L.A. x 50 mL;BIOMIZONA DORADA L.A. x 50 mL;Average;6686;Assembly;INYECTABLES
11625;INY0000073;BIOMIZONA DORADA L.A. x 100mL;BIOMIZONA DORADA L.A. x 100mL;Average;6686;Assembly;INYECTABLES
11626;INY0000074;BIOMIZONA DORADA L.A. x 250mL;BIOMIZONA DORADA L.A. x 250mL;Average;6686;Assembly;INYECTABLES
11627;INY0000075;BIOMIZONA DORADA L.A. x 500mL;BIOMIZONA DORADA L.A. x 500mL;Average;6686;Assembly;INYECTABLES
11629;INY0000078;BIOVALGINA x 250mL;BIOVALGINA x 250mL;Average;6686;Assembly;INYECTABLES
12905;INY0000080;CALOI NF x 20 mL;CALOI NF x 20 mL;Average;6686;Assembly;INYECTABLES
11630;INY0000081;CALOI NF x 50 mL;CALOI NF x 50 mL;Average;6686;Assembly;INYECTABLES
11631;INY0000082;CALOI NF x 100mL;CALOI NF x 100mL;Average;6686;Assembly;INYECTABLES
11632;INY0000083;CALOI NF x 250mL;CALOI NF x 250mL;Average;6686;Assembly;INYECTABLES
11633;INY0000084;CALOI NF x 500mL;CALOI NF x 500mL;Average;6686;Assembly;INYECTABLES
11635;INY0000086;COMPLEX B x 250mL;COMPLEX B x 250mL;Average;6686;Assembly;INYECTABLES
11636;INY0000088;CALOVIT x 50 mL;CALOVIT x 50 mL;Average;6686;Assembly;INYECTABLES
11637;INY0000089;CALOVIT x 100mL;CALOVIT x 100mL;Average;6686;Assembly;INYECTABLES
11638;INY0000090;CALOVIT x 250mL;CALOVIT x 250mL;Average;6686;Assembly;INYECTABLES
11639;INY0000091;CALOVIT x 500mL;CALOVIT x 500mL;Average;6686;Assembly;INYECTABLES
12933;INY0000092;DEXALAN x 20mL;DEXALAN x 20mL;Average;6686;Assembly;INYECTABLES
11641;INY0000094;DEXALAN x 250mL;DEXALAN x 250mL;Average;6686;Assembly;INYECTABLES
11643;INY0000097;DIUREX x 50 mL;DIUREX x 50 mL;Average;6686;Assembly;INYECTABLES
11645;INY0000109;ENROMAX L.A.x 100mL;ENROMAX L.A.x 100mL;Average;6686;Assembly;INYECTABLES
11646;INY0000110;ENROMAX L.A. x 250mL;ENROMAX L.A. x 250mL;Average;6686;Assembly;INYECTABLES
12880;INY0000117;FLUXIN x 50 mL;FLUXIN x 50 mL;Average;6686;Assembly;INYECTABLES
11647;INY0000122;HEMATOVIT x 50 mL;HEMATOVIT x 50 mL;Average;6686;Assembly;INYECTABLES
11648;INY0000123;HEMATOVIT x 100mL;HEMATOVIT x 100mL;Average;6686;Assembly;INYECTABLES
11649;INY0000124;HEMATOVIT x 250mL;HEMATOVIT x 250mL;Average;6686;Assembly;INYECTABLES
11650;INY0000125;HEMATOVIT x 500mL;HEMATOVIT x 500mL;Average;6686;Assembly;INYECTABLES
12935;INY0000126;HEPATIN x 20mL;HEPATIN x 20mL;Average;6686;Assembly;INYECTABLES
11652;INY0000130;PLASMOL DORADO x 50 mL;PLASMOL DORADO x 50 mL;Average;6686;Assembly;INYECTABLES
11653;INY0000132;PLASMOL DORADO x 250mL;PLASMOL DORADO x 250mL;Average;6686;Assembly;INYECTABLES
11701;INY0000134;PM 7,11 x 50 mL;PM 7,11 x 50 mL;Average;6686;Assembly;INYECTABLES
11654;INY0000135;PM 7,11 x 100 mL;PM 7,11 x 100 mL;Average;6686;Assembly;INYECTABLES
11655;INY0000136;PM 7,11 x 250 mL;PM 7,11 x 250 mL;Average;6686;Assembly;INYECTABLES
11656;INY0000138;SULFATRIM x 20 mL;SULFATRIM x 20 mL;Average;6686;Assembly;INYECTABLES
11657;INY0000139;SULFATRIM x 100mL;SULFATRIM x 100mL;Average;6686;Assembly;INYECTABLES
12798;INY0000140;SUPER L.A. x 10 mL;SUPER L.A. x 10 mL;Average;6686;Assembly;INYECTABLES
12881;INY0000141;SUPER L.A. x 20 mL;SUPER L.A. x 20 mL;Average;6686;Assembly;INYECTABLES
11659;INY0000143;SUPER L.A. x 100mL;SUPER L.A. x 100mL;Average;6686;Assembly;INYECTABLES
11660;INY0000152;BIOFLAM x 500 mL;BIOFLAM x 500 mL;Average;6686;Assembly;INYECTABLES
11661;INY0000154;DEXALAN x 500mL;DEXALAN x 500mL;Average;6686;Assembly;INYECTABLES
11662;INY0000160;BIOMEC F x 50 mL;BIOMEC F x 50 mL;Average;6686;Assembly;INYECTABLES
11663;INY0000161;BIOMEC F x 100 mL;BIOMEC F x 100 mL;Average;6686;Assembly;INYECTABLES
11664;INY0000162;BIOMEC F x 250 mL;BIOMEC F x 250 mL;Average;6686;Assembly;INYECTABLES
11665;INY0000180;BIO C x 250 ML;BIO C x 250 ML;Average;6686;Assembly;INYECTABLES
12934;INY0000187;FERRODEX x 20mL;FERRODEX x 20mL;Average;6686;Assembly;INYECTABLES
11666;INY0000188;FERRODEX X 50 ML;FERRODEX X 50 ML;Average;6686;Assembly;INYECTABLES
11667;INY0000189;FERRODEX X 100 ML;FERRODEX X 100 ML;Average;6686;Assembly;INYECTABLES
11668;INY0000190;FERRODEX X 250 ML;FERRODEX X 250 ML;Average;6686;Assembly;INYECTABLES
11669;INY0000192;LECHERIN MAX X 500 ML;LECHERIN MAX X 500 ML;Average;6686;Assembly;INYECTABLES
12888;INY0000210;GIGANTOL ADE X 50ML;GIGANTOL ADE X 50ML;Average;6686;Assembly;INYECTABLES
12813;INY0000212;GIGANTOL ADE X 250ML;GIGANTOL ADE X 250ML;Average;6686;Assembly;INYECTABLES
11670;INY0000253;PLASMOL DORADO x 100ml (EXPORTACION);PLASMOL DORADO x 100ml (EXPORTACION);Average;6686;Assembly;INYECTABLES
11671;INY0000288;QUETAMIN X 50ml;QUETAMIN X 50ml;Average;6686;Assembly;INYECTABLES
11672;INY0000350;PM 7,11 x 500 mL;PM 7,11 x 500 mL;Average;6686;Assembly;INYECTABLES
11673;INY0000454;LECHERIN NF x 500 ml;LECHERIN NF x 500 ml;Average;6686;Assembly;INYECTABLES
12890;INY0000458;FLUXIN x 250 mL;FLUXIN x 250 mL;Average;6686;Assembly;INYECTABLES
11674;INY0000494;SULFATRIM x 20 ML (CJA x 50 UNID);SULFATRIM x 20 ML (CJA x 50 UNID);Average;6686;Assembly;INYECTABLES
11675;INY0000495;FERRODEX x 20 mL (CJA x 50 UNID);FERRODEX x 20 mL (CJA x 50 UNID);Average;6686;Assembly;INYECTABLES
11676;INY0000496;SUPER L.A. x 10 mL (CJA x 50 UNID);SUPER L.A. x 10 mL (CJA x 50 UNID);Average;6686;Assembly;INYECTABLES
11677;INY0000497;SUPER L.A. x 20 mL (CJA x 50 UNID);SUPER L.A. x 20 mL (CJA x 50 UNID);Average;6686;Assembly;INYECTABLES
11678;INY0000498;HEPATIN x 20mL (CJA x 50 UNID);HEPATIN x 20mL (CJA x 50 UNID);Average;6686;Assembly;INYECTABLES
11679;INY0000499;CALOI NF x 20 mL (CJA x 50 UNID);CALOI NF x 20 mL (CJA x 50 UNID);Average;6686;Assembly;INYECTABLES
11680;INY0000500;BIOMIZONA DORADA L.A. x 20 mL (CJA x 50 UNID);BIOMIZONA DORADA L.A. x 20 mL (CJA x 50 UNID);Average;6686;Assembly;INYECTABLES
11681;INY0000501;BIOMIZONA x 20 mL (CJA x 50 UNID);BIOMIZONA x 20 mL (CJA x 50 UNID);Average;6686;Assembly;INYECTABLES
11682;INY0000502;BIOMISIL 0.1% x 20 mL (CJA x 50 UNID);BIOMISIL 0.1% x 20 mL (CJA x 50 UNID);Average;6686;Assembly;INYECTABLES
11683;INY0000503;DEXALAN x 20mL (CJA x 50 UNID);DEXALAN x 20mL (CJA x 50 UNID);Average;6686;Assembly;INYECTABLES
11684;INY0000504;BIOMISIL 1% x 10 mL (CJA x 50 UNID);BIOMISIL 1% x 10 mL (CJA x 50 UNID);Average;6686;Assembly;INYECTABLES
11685;INY0000505;BIOMISIL 1% x 20 mL (CJA x 50 UNID);BIOMISIL 1% x 20 mL (CJA x 50 UNID);Average;6686;Assembly;INYECTABLES
11686;INY0000506;BIOMEC 120 L.A. DORADO EXPORT x 20 mL (CJA x 50 UNID);BIOMEC 120 L.A. DORADO EXPORT x 20 mL (CJA x 50 UNID);Average;6686;Assembly;INYECTABLES
11687;INY0000507;BIOMEC 120 L.A. DORADO x 20 ml (CJA x 50 UND);BIOMEC 120 L.A. DORADO x 20 ml (CJA x 50 UND);Average;6686;Assembly;INYECTABLES
11688;INY0000513;HEPATIN x 500mL;HEPATIN x 500mL;Average;6686;Assembly;INYECTABLES
11689;INY0000514;BIOVALGINA x 500mL;BIOVALGINA x 500mL;Average;6686;Assembly;INYECTABLES
11690;INY0000515;TILOZONA x 20 mL (CJA x 50 UND);TILOZONA x 20 mL (CJA x 50 UND);Average;6686;Assembly;INYECTABLES
11691;INY0000516;TILOZONA x 50 mL;TILOZONA x 50 mL;Average;6686;Assembly;INYECTABLES
11693;INY0000518;TILOZONA x 250 mL;TILOZONA x 250 mL;Average;6686;Assembly;INYECTABLES
11496;INY0000520;SEMENTAL x 50 mL;SEMENTAL x 50 mL;Average;6686;Assembly;INYECTABLES
11497;INY0000521;SEMENTAL x 100 mL;SEMENTAL x 100 mL;Average;6686;Assembly;INYECTABLES
11498;INY0000522;SEMENTAL x 250 mL;SEMENTAL x 250 mL;Average;6686;Assembly;INYECTABLES
12891;INY0000524;DEXTROVITAM x 500 mL (B);DEXTROVITAM x 500 mL (B);Average;6686;Assembly;INYECTABLES
12892;INY0000526;CALOI NF x 250 mL (B);CALOI NF x 250 mL (B);Average;6686;Assembly;INYECTABLES
12894;INY0000528;BIOMIZONA DORADA L.A. x 250mL (B);BIOMIZONA DORADA L.A. x 250mL (B);Average;6686;Assembly;INYECTABLES
12803;INY0000531;HEPATIN x 250mL (B);HEPATIN x 250mL (B);Average;6686;Assembly;INYECTABLES
12897;INY0000532;AUMENTHA ATP x 250mL (B);AUMENTHA ATP x 250mL (B);Average;6686;Assembly;INYECTABLES
12898;INY0000533;BIOMEC F x 250 mL (B);BIOMEC F x 250 mL (B);Average;6686;Assembly;INYECTABLES
12899;INY0000534;FERRODEX X 250 ML (B);FERRODEX X 250 ML (B);Average;6686;Assembly;INYECTABLES
15296;INY0000539;FLORBIOMIZONA x 50 mL;FLORBIOMIZONA x 50 mL;Average;6686;Assembly;INYECTABLES
15297;INY0000540;FLORBIOMIZONA x 250 mL;FLORBIOMIZONA x 250 mL;Average;6686;Assembly;INYECTABLES
15298;INY0000541;FLORBIOMIZONA x 100 mL;FLORBIOMIZONA x 100 mL;Average;6686;Assembly;INYECTABLES
15299;INY0000542;FLORBIOMIZONA x 20 mL (CJA X 50 UND);FLORBIOMIZONA x 20 mL (CJA X 50 UND);Average;6686;Assembly;INYECTABLES
15318;INY0000543;SEMENTAL x 500 mL;SEMENTAL x 500 mL;Average;6686;Assembly;INYECTABLES
15325;INY0000544;PLASMOL DORADO x 500 mL;PLASMOL DORADO x 500 mL;Average;6686;Assembly;INYECTABLES
15548;INY0000545;GIGANTOL ADE X 100 mL;GIGANTOL ADE X 100 mL;Average;6686;Assembly;INYECTABLES
15797;INY0000546;SEMENTAL x 500 mL (B);SEMENTAL x 500 mL (B);Average;6686;Assembly;INYECTABLES
15849;INY0000548;AUMENTHA ATP x 20 mL (CJA x 50 UND);AUMENTHA ATP x 20 mL (CJA x 50 UND);Average;6686;Assembly;INYECTABLES
15867;INY0000549;CALOI NF x 500 mL (B);CALOI NF x 500 mL (B);Average;6686;Assembly;INYECTABLES
15868;INY0000550;AUMENTHA ATP x 500 mL (B);AUMENTHA ATP x 500 mL (B);Average;6686;Assembly;INYECTABLES
16040;INY0000551;DEXALAN x 250 mL (B);DEXALAN x 250 mL (B);Average;6686;Assembly;INYECTABLES
16079;INY0000552;BIOMIZONA x 250 mL (B);BIOMIZONA x 250 mL (B);Average;6686;Assembly;INYECTABLES
16081;INY0000554;PLASMOL DORADO x 250 mL (B);PLASMOL DORADO x 250 mL (B);Average;6686;Assembly;INYECTABLES
16097;INY0000555;VITALAN ADE x 20 mL (CJA X 50 UND);VITALAN ADE x 20 mL (CJA X 50 UND);Average;6686;Assembly;INYECTABLES
16098;INY0000556;VITALAN ADE x 50 mL;VITALAN ADE x 50 mL;Average;6686;Assembly;INYECTABLES
16099;INY0000557;VITALAN ADE x 100 mL;VITALAN ADE x 100 mL;Average;6686;Assembly;INYECTABLES
16118;INY0000558;VITALAN ADE x 250 mL;VITALAN ADE x 250 mL;Average;6686;Assembly;INYECTABLES
16122;INY0000559;BIOMEC 120 L.A. DORADO x 250mL (B);BIOMEC 120 L.A. DORADO x 250mL (B);Average;6686;Assembly;INYECTABLES
16208;INY0000560;VITALAN ADE X 500 ML;VITALAN ADE X 500 ML;Average;6686;Assembly;INYECTABLES
16209;INY0000561;GIGANTOL ADE x 500 mL;GIGANTOL ADE x 500 mL;Average;6686;Assembly;INYECTABLES
16334;INY0000567;GIGANTOL ADE X 20 ML (CJA X 50 UND);GIGANTOL ADE X 20 ML (CJA X 50 UND);Average;6686;Assembly;INYECTABLES
17164;INY0000569;BIOMICINA 100 x 500 mL;BIOMICINA 100 x 500 mL;Average;6686;Assembly;INYECTABLES
17165;INY0000570;SULFATRIM x 250 mL;SULFATRIM x 250 mL;Average;6686;Assembly;INYECTABLES
17236;INY0000571;POTENCIAL X 50 ML;POTENCIAL X 50 ML;Average;6686;Assembly;INYECTABLES
17237;INY0000572;POTENCIAL X 100 ML;POTENCIAL X 100 ML;Average;6686;Assembly;INYECTABLES
17238;INY0000573;POTENCIAL X 250 ML;POTENCIAL X 250 ML;Average;6686;Assembly;INYECTABLES
17239;INY0000574;POTENCIAL X 500 ML;POTENCIAL X 500 ML;Average;6686;Assembly;INYECTABLES
17319;INY0000576;AUMENTHA ATP NF X 20 ML (CJA X 50 UND);AUMENTHA ATP NF X 20 ML (CJA X 50 UND);Average;6686;Assembly;INYECTABLES
17320;INY0000577;AUMENTHA ATP NF X 50 ML;AUMENTHA ATP NF X 50 ML;Average;6686;Assembly;INYECTABLES
17321;INY0000578;AUMENTHA ATP NF x 100 mL;AUMENTHA ATP NF x 100 mL;Average;6686;Assembly;INYECTABLES
17322;INY0000579;AUMENTHA ATP NF x 250 mL;AUMENTHA ATP NF x 250 mL;Average;6686;Assembly;INYECTABLES
17323;INY0000580;AUMENTHA ATP NF X 500 ML;AUMENTHA ATP NF X 500 ML;Average;6686;Assembly;INYECTABLES
17362;INY0000581;LECHERIN MAX x 500 mL (*);LECHERIN MAX x 500 mL (*);Average;6686;Assembly;INYECTABLES
17560;INY0000582;BIOMISOL ADE x 100 mL (*);BIOMISOL ADE x 100 mL (*);Average;6686;Assembly;INYECTABLES
17561;INY0000583;BIOMISOL ADE X 20 ML (CJA X 50 UND) (*);BIOMISOL ADE X 20 ML (CJA X 50 UND) (*);Average;6686;Assembly;INYECTABLES
17562;INY0000584;BIOMISOL ADE x 250 mL (*);BIOMISOL ADE x 250 mL (*);Average;6686;Assembly;INYECTABLES
17717;INY0000585;TILOZONA X 20 mL;TILOZONA X 20 mL;Average;6686;Assembly;INYECTABLES
17719;INY0000586;BIOMISIL 1% X 10 ML;BIOMISIL 1% X 10 ML;Average;6686;Assembly;INYECTABLES
17720;INY0000587;BIOMISIL 1% x 20 mL;BIOMISIL 1% x 20 mL;Average;6686;Assembly;INYECTABLES
17734;INY0000588;AUMENTHA ATP x 20 mL;AUMENTHA ATP x 20 mL;Average;6686;Assembly;INYECTABLES
17736;INY0000590;FLORBIOMIZONA x 20 mL;FLORBIOMIZONA x 20 mL;Average;6686;Assembly;INYECTABLES
17737;INY0000591;VITALAN ADE x 20 mL;VITALAN ADE x 20 mL;Average;6686;Assembly;INYECTABLES
17738;INY0000592;GIGANTOL ADE X 20 ML;GIGANTOL ADE X 20 ML;Average;6686;Assembly;INYECTABLES
17739;INY0000593;AUMENTHA ATP NF X 20 mL;AUMENTHA ATP NF X 20 mL;Average;6686;Assembly;INYECTABLES
17740;INY0000594;BIOMISOL ADE X 20 mL;BIOMISOL ADE X 20 mL;Average;6686;Assembly;INYECTABLES
17741;INY0000595;BIOMEC 120 L.A. DORADO X 20 mL;BIOMEC 120 L.A. DORADO X 20 mL;Average;6686;Assembly;INYECTABLES
11995;LIQ0000001;5X1 EVOLUTION x 250mL;5X1 EVOLUTION x 250mL;Average;6686;Assembly;LIQUIDOS
11996;LIQ0000002;5X1 EVOLUTION x 500mL;5X1 EVOLUTION x 500mL;Average;6686;Assembly;LIQUIDOS
11997;LIQ0000003;5X1 EVOLUTION x 1L;5X1 EVOLUTION x 1L;Average;6686;Assembly;LIQUIDOS
11998;LIQ0000004;5X1 EVOLUTION x 5 L;5X1 EVOLUTION x 5 L;Average;6686;Assembly;LIQUIDOS
11999;LIQ0000025;FENACUR x 100mL;FENACUR x 100mL;Average;6686;Assembly;LIQUIDOS
12000;LIQ0000026;FENACUR x 500mL;FENACUR x 500mL;Average;6686;Assembly;LIQUIDOS
12001;LIQ0000027;FENACUR x 1L;FENACUR x 1L;Average;6686;Assembly;LIQUIDOS
12002;LIQ0000028;FENACUR x 5 L;FENACUR x 5 L;Average;6686;Assembly;LIQUIDOS
12003;LIQ0000029;POTENCIAL 25% x 250mL;POTENCIAL 25% x 250mL;Average;6686;Assembly;LIQUIDOS
12004;LIQ0000030;POTENCIAL 25% x 500mL;POTENCIAL 25% x 500mL;Average;6686;Assembly;LIQUIDOS
12005;LIQ0000031;POTENCIAL 25% x 1L;POTENCIAL 25% x 1L;Average;6686;Assembly;LIQUIDOS
12006;LIQ0000032;POTENCIAL 25% x 5 L;POTENCIAL 25% x 5 L;Average;6686;Assembly;LIQUIDOS
12007;LIQ0000033;SULFAQUINOXALINA SULFAMONT x 250mL;SULFAQUINOXALINA SULFAMONT x 250mL;Average;6686;Assembly;LIQUIDOS
12008;LIQ0000034;SULFAQUINOXALINA SULFAMONT x 1L;SULFAQUINOXALINA SULFAMONT x 1L;Average;6686;Assembly;LIQUIDOS
12009;LIQ0000036;TOLCOCX x 100mL;TOLCOCX x 100mL;Average;6686;Assembly;LIQUIDOS
12010;LIQ0000037;TOLCOCX x 1L;TOLCOCX x 1L;Average;6686;Assembly;LIQUIDOS
12081;LIQ0000051;CEROZANIL X 1L;CEROZANIL X 1L;Average;6686;Assembly;LIQUIDOS
12013;LIQ0000069;5X1 DORADO X 250 ML;5X1 DORADO X 250 ML;Average;6686;Assembly;LIQUIDOS
12014;LIQ0000070;5X1 DORADO X 500 ML;5X1 DORADO X 500 ML;Average;6686;Assembly;LIQUIDOS
12015;LIQ0000071;5X1 DORADO X 1L;5X1 DORADO X 1L;Average;6686;Assembly;LIQUIDOS
12016;LIQ0000074;BIOMEC MAX X 30 ML;BIOMEC MAX X 30 ML;Average;6686;Assembly;LIQUIDOS
12017;LIQ0000077;BIOMEC MAX X 1L;BIOMEC MAX X 1L;Average;6686;Assembly;LIQUIDOS
12018;LIQ0000082;5X1 DORADO X 5L;5X1 DORADO X 5L;Average;6686;Assembly;LIQUIDOS
12019;LIQ0000085;PROMOTHOR x 100ML;PROMOTHOR x 100ML;Average;6686;Assembly;LIQUIDOS
12023;LIQ0000091;5x1 GOLD MAX x 250ml;5x1 GOLD MAX x 250ml;Average;6686;Assembly;LIQUIDOS
12024;LIQ0000092;5x1 GOLD MAX x 500ml;5x1 GOLD MAX x 500ml;Average;6686;Assembly;LIQUIDOS
12025;LIQ0000093;5x1 GOLD MAX x 1L;5x1 GOLD MAX x 1L;Average;6686;Assembly;LIQUIDOS
12026;LIQ0000094;5x1 GOLD MAX x 5L;5x1 GOLD MAX x 5L;Average;6686;Assembly;LIQUIDOS
12027;LIQ0000096;FENACUR x 30ml (PACK X 24);FENACUR x 30ml (PACK X 24);Average;6686;Assembly;LIQUIDOS
12028;LIQ0000097;FENACUR x 250ml;FENACUR x 250ml;Average;6686;Assembly;LIQUIDOS
12029;LIQ0000099;TRICLAFORT 20% x 250ml;TRICLAFORT 20% x 250ml;Average;6686;Assembly;LIQUIDOS
12030;LIQ0000100;TRICLAFORT 20% x 1L;TRICLAFORT 20% x 1L;Average;6686;Assembly;LIQUIDOS
12037;LIQ0000165;FENACUR NF x 100 ML;FENACUR NF x 100 ML;Average;6686;Assembly;LIQUIDOS
12038;LIQ0000166;FENACUR NF x 500 ML;FENACUR NF x 500 ML;Average;6686;Assembly;LIQUIDOS
12039;LIQ0000167;FENACUR NF x 1 L;FENACUR NF x 1 L;Average;6686;Assembly;LIQUIDOS
12040;LIQ0000168;FENACUR NF x 5 L;FENACUR NF x 5 L;Average;6686;Assembly;LIQUIDOS
12043;LIQ0000192;5x1 EVOLUTION NF x 250 mL;5x1 EVOLUTION NF x 250 mL;Average;6686;Assembly;LIQUIDOS
12044;LIQ0000193;5x1 EVOLUTION NF x 500 mL;5x1 EVOLUTION NF x 500 mL;Average;6686;Assembly;LIQUIDOS
12045;LIQ0000194;5x1 EVOLUTION NF x 1 L;5x1 EVOLUTION NF x 1 L;Average;6686;Assembly;LIQUIDOS
12046;LIQ0000195;5x1 EVOLUTION NF x 5 L;5x1 EVOLUTION NF x 5 L;Average;6686;Assembly;LIQUIDOS
12050;LIQ0000204;AMINOPROX x 1 L;AMINOPROX x 1 L;Average;6686;Assembly;LIQUIDOS
12051;LIQ0000205;AMINOPROX x 250 mL;AMINOPROX x 250 mL;Average;6686;Assembly;LIQUIDOS
12930;LIQ0000208;BIOMEC MAX X 30 ML (B);BIOMEC MAX X 30 ML (B);Average;6686;Assembly;LIQUIDOS
14522;LIQ0000209;PET SHINE x 1L;PET SHINE x 1L;Average;6686;Assembly;LIQUIDOS
14523;LIQ0000210;PET SHINE x 225ML;PET SHINE x 225ML;Average;6686;Assembly;LIQUIDOS
14531;LIQ0000211;5X1 DORADO (NF) CJA 50 SACHETS X 30 mL;5X1 DORADO (NF) CJA 50 SACHETS X 30 mL;Average;6686;Assembly;LIQUIDOS
15539;LIQ0000212;AMINOPROX GOTERO X 30 mL (CJA X 24 UND);AMINOPROX GOTERO X 30 mL (CJA X 24 UND);Average;6686;Assembly;LIQUIDOS
16160;LIQ0000213;5X1 DORADO CJA 50 SACHETS X 40 mL;5X1 DORADO CJA 50 SACHETS X 40 mL;Average;6686;Assembly;LIQUIDOS
16180;LIQ0000214;5X1 EVOLUTION CJA 50 SACHETS X 40 mL;5X1 EVOLUTION CJA 50 SACHETS X 40 mL;Average;6686;Assembly;LIQUIDOS
16182;LIQ0000215;5X1 GOLD MAX CJA 50 SACHETS X 40 mL;5X1 GOLD MAX CJA 50 SACHETS X 40 mL;Average;6686;Assembly;LIQUIDOS
16419;LIQ0000216;OTOLOG LIMPIADOR x 25 mL;OTOLOG LIMPIADOR x 25 mL;Average;6686;Assembly;LIQUIDOS
17232;LIQ0000218;RANOX SACHETS X 40 ML (CJA X 50 UND);RANOX SACHETS X 40 ML (CJA X 50 UND);Average;6686;Assembly;LIQUIDOS
17233;LIQ0000219;RANOX x 250 mL;RANOX x 250 mL;Average;6686;Assembly;LIQUIDOS
17234;LIQ0000220;RANOX X 1 L;RANOX X 1 L;Average;6686;Assembly;LIQUIDOS
17249;LIQ0000221;ZOLINEX 12.5% DORADO SACHETS X 40 ML (CJA X 50 UND);ZOLINEX 12.5% DORADO SACHETS X 40 ML (CJA X 50 UND);Average;6686;Assembly;LIQUIDOS
17251;LIQ0000222;ZOLINEX 12.5% DORADO X 1L;ZOLINEX 12.5% DORADO X 1L;Average;6686;Assembly;LIQUIDOS
17273;MIP0000001;GRANULADO DE HIERRO - RACION;GRANULADO DE HIERRO - RACION;Average;6686;Assembly;MEZCLA INTERMEDIA POLVO
17446;MIP0000002;PREMIX - MASCOTABS;PREMIX - MASCOTABS;Average;6686;Assembly;MEZCLA INTERMEDIA POLVO
17671;MIP0000003;SABORIZANTE ZOAROMA PET TAB (INACTIVADO);SABORIZANTE ZOAROMA PET TAB (INACTIVADO);Average;6686;Assembly;MEZCLA INTERMEDIA POLVO
13831;MM00000002;MM- 5x1 DORADO x 30ml (SACHET);MM- 5x1 DORADO x 30ml (SACHET);Average;6686;Assembly;MUESTRAS MEDICAS
13833;MM00000004;MM- BIOMEC MAX x 30ml (JERINGA);MM- BIOMEC MAX x 30ml (JERINGA);Average;6686;Assembly;MUESTRAS MEDICAS
13795;MM00000007;MM PROMOTHOR x 100 mL;MM PROMOTHOR x 100 mL;Average;6686;Assembly;MUESTRAS MEDICAS
13836;MM00000008;MM- SULFAQUINOXALINA SULFAMONT x 250ml;MM- SULFAQUINOXALINA SULFAMONT x 250ml;Average;6686;Assembly;MUESTRAS MEDICAS
13837;MM00000009;MM- TOLCOCX x 100ml;MM- TOLCOCX x 100ml;Average;6686;Assembly;MUESTRAS MEDICAS
13838;MM00000010;MM- TRANQUILISS GOTAS x 15ml;MM- TRANQUILISS GOTAS x 15ml;Average;6686;Assembly;MUESTRAS MEDICAS
13840;MM00000013;MM- BIO C x 100ml;MM- BIO C x 100ml;Average;6686;Assembly;MUESTRAS MEDICAS
13841;MM00000014;MM- BIOFLAM x 100ml;MM- BIOFLAM x 100ml;Average;6686;Assembly;MUESTRAS MEDICAS
13843;MM00000016;MM- BIOMEC F x 50ml;MM- BIOMEC F x 50ml;Average;6686;Assembly;MUESTRAS MEDICAS
13844;MM00000017;MM- BIOMEC GOLD 3.15% x 50ml;MM- BIOMEC GOLD 3.15% x 50ml;Average;6686;Assembly;MUESTRAS MEDICAS
13845;MM00000018;MM- BIOMISIL 0.1% x 20ml;MM- BIOMISIL 0.1% x 20ml;Average;6686;Assembly;MUESTRAS MEDICAS
13846;MM00000019;MM- BIOMISIL 1% x 10ml;MM- BIOMISIL 1% x 10ml;Average;6686;Assembly;MUESTRAS MEDICAS
13849;MM00000024;MM- BIOVALGINA x 50ml;MM- BIOVALGINA x 50ml;Average;6686;Assembly;MUESTRAS MEDICAS
13851;MM00000027;MM- COMPLEX B x 100ml;MM- COMPLEX B x 100ml;Average;6686;Assembly;MUESTRAS MEDICAS
13852;MM00000028;MM- DEXALAN x 20ml;MM- DEXALAN x 20ml;Average;6686;Assembly;MUESTRAS MEDICAS
13853;MM00000029;MM- DEXTROVITAM x 500ml;MM- DEXTROVITAM x 500ml;Average;6686;Assembly;MUESTRAS MEDICAS
13854;MM00000030;MM- DIUREX x 50mL;MM- DIUREX x 50mL;Average;6686;Assembly;MUESTRAS MEDICAS
13855;MM00000032;MM- ENROMAX L.A. x 50ml;MM- ENROMAX L.A. x 50ml;Average;6686;Assembly;MUESTRAS MEDICAS
13856;MM00000034;MM- FERRODEX x 20ml;MM- FERRODEX x 20ml;Average;6686;Assembly;MUESTRAS MEDICAS
14440;MM00000036;MM FLUXIN X 50ML;MM FLUXIN X 50ML;Average;6686;Assembly;MUESTRAS MEDICAS
14438;MM00000038;MM- GIGANTOL ADE x 50mL;MM- GIGANTOL ADE x 50mL;Average;6686;Assembly;MUESTRAS MEDICAS
13857;MM00000039;MM- HEMATOVIT x 50ml;MM- HEMATOVIT x 50ml;Average;6686;Assembly;MUESTRAS MEDICAS
13858;MM00000040;MM- HEPATIN x 20ml;MM- HEPATIN x 20ml;Average;6686;Assembly;MUESTRAS MEDICAS
14018;MM00000041;MM- LECHERIN MAX x 500ml;MM- LECHERIN MAX x 500ml;Average;6686;Assembly;MUESTRAS MEDICAS
13859;MM00000043;MM- PLASMOL DORADO x 50ml;MM- PLASMOL DORADO x 50ml;Average;6686;Assembly;MUESTRAS MEDICAS
14019;MM00000044;MM- PM 7.11 x 50ml;MM- PM 7.11 x 50ml;Average;6686;Assembly;MUESTRAS MEDICAS
14021;MM00000047;MM- SULFATRIM x 100ml;MM- SULFATRIM x 100ml;Average;6686;Assembly;MUESTRAS MEDICAS
14022;MM00000048;MM- SUPER L.A. x 10ml;MM- SUPER L.A. x 10ml;Average;6686;Assembly;MUESTRAS MEDICAS
14023;MM00000049;MM- TRANQUILISS INYECTABLE x 50ml;MM- TRANQUILISS INYECTABLE x 50ml;Average;6686;Assembly;MUESTRAS MEDICAS
14024;MM00000051;MM- ZEROLAC x 100ml;MM- ZEROLAC x 100ml;Average;6686;Assembly;MUESTRAS MEDICAS
14026;MM00000053;MM- COMPLEJO B ELECTROLITOS x 10g;MM- COMPLEJO B ELECTROLITOS x 10g;Average;6686;Assembly;MUESTRAS MEDICAS
13860;MM00000054;MM- COMPLEJO B NF x 100g;MM- COMPLEJO B NF x 100g;Average;6686;Assembly;MUESTRAS MEDICAS
14028;MM00000058;MM- OTOLOG x 25ml;MM- OTOLOG x 25ml;Average;6686;Assembly;MUESTRAS MEDICAS
14029;MM00000062;MM- ECTOBUL x 30ml;MM- ECTOBUL x 30ml;Average;6686;Assembly;MUESTRAS MEDICAS
13861;MM00000064;MM- FENACUR x 30ml (FCO);MM- FENACUR x 30ml (FCO);Average;6686;Assembly;MUESTRAS MEDICAS
14031;MM00000068;MM- TOLCOCX x 20ml;MM- TOLCOCX x 20ml;Average;6686;Assembly;MUESTRAS MEDICAS
13796;MM00000069;MM PROMOTHOR x 1 L;MM PROMOTHOR x 1 L;Average;6686;Assembly;MUESTRAS MEDICAS
14450;MM00000074;MM-SPETTRO DC x 5g;MM-SPETTRO DC x 5g;Average;6686;Assembly;MUESTRAS MEDICAS
14032;MM00000077;MM- BIOMIZONA DORADA L.A. x 20ml;MM- BIOMIZONA DORADA L.A. x 20ml;Average;6686;Assembly;MUESTRAS MEDICAS
14033;MM00000078;MM- CALOI NF x 20ml;MM- CALOI NF x 20ml;Average;6686;Assembly;MUESTRAS MEDICAS
14035;MM00000081;MM- ECTOBULL x CJA 24 FCO GOTERO;MM- ECTOBULL x CJA 24 FCO GOTERO;Average;6686;Assembly;MUESTRAS MEDICAS
14036;MM00000082;MM- FENACUR x 100ml;MM- FENACUR x 100ml;Average;6686;Assembly;MUESTRAS MEDICAS
13793;MM00000087;MM POTENZA x 120.5 g;MM POTENZA x 120.5 g;Average;6686;Assembly;MUESTRAS MEDICAS
13863;MM00000089;MM- ECTOBULL x 250 ML;MM- ECTOBULL x 250 ML;Average;6686;Assembly;MUESTRAS MEDICAS
13864;MM00000091;MM- CALOI NF x 50 mL;MM- CALOI NF x 50 mL;Average;6686;Assembly;MUESTRAS MEDICAS
14037;MM00000092;MM- AUMENTHA ATP x 50 ml;MM- AUMENTHA ATP x 50 ml;Average;6686;Assembly;MUESTRAS MEDICAS
13797;MM00000093;MM RIVOLTA 6% X 0.25ML (CJAx5);MM RIVOLTA 6% X 0.25ML (CJAx5);Average;6686;Assembly;MUESTRAS MEDICAS
13798;MM00000094;MM RIVOLTA 6% X 0.75ML  (CJAx5);MM RIVOLTA 6% X 0.75ML  (CJAx5);Average;6686;Assembly;MUESTRAS MEDICAS
13799;MM00000095;MM RIVOLTA 12% X 0.25ML  (CJAx5);MM RIVOLTA 12% X 0.25ML  (CJAx5);Average;6686;Assembly;MUESTRAS MEDICAS
13800;MM00000096;MM RIVOLTA 12% X 0.50ML (CJAx5);MM RIVOLTA 12% X 0.50ML (CJAx5);Average;6686;Assembly;MUESTRAS MEDICAS
13801;MM00000097;MM RIVOLTA 12% X 1.00ML (CJAx5);MM RIVOLTA 12% X 1.00ML (CJAx5);Average;6686;Assembly;MUESTRAS MEDICAS
13802;MM00000098;MM RIVOLTA 12% X 2.00ML (CJAx5);MM RIVOLTA 12% X 2.00ML (CJAx5);Average;6686;Assembly;MUESTRAS MEDICAS
13824;MM00000100;MM HEPATIN PASTA X 60ML;MM HEPATIN PASTA X 60ML;Average;6686;Assembly;MUESTRAS MEDICAS
13794;MM00000103;MM POTENZA CATS TUBO x 70.9 g;MM POTENZA CATS TUBO x 70.9 g;Average;6686;Assembly;MUESTRAS MEDICAS
13865;MM00000104;MM CALOI NF x 100ml;MM CALOI NF x 100ml;Average;6686;Assembly;MUESTRAS MEDICAS
13803;MM00000105;MM TELOPAR GEL JERINGA x 2 mL;MM TELOPAR GEL JERINGA x 2 mL;Average;6686;Assembly;MUESTRAS MEDICAS
13804;MM00000106;MM TELOPAR GEL JERINGA x 5 mL;MM TELOPAR GEL JERINGA x 5 mL;Average;6686;Assembly;MUESTRAS MEDICAS
13805;MM00000107;MM TELOPAR GEL JERINGA x 10 mL;MM TELOPAR GEL JERINGA x 10 mL;Average;6686;Assembly;MUESTRAS MEDICAS
13867;MM00000108;MM PLASMOL DORADO x 100ml;MM PLASMOL DORADO x 100ml;Average;6686;Assembly;MUESTRAS MEDICAS
13868;MM00000109;MM AUMENTHA ATP x 100 ml;MM AUMENTHA ATP x 100 ml;Average;6686;Assembly;MUESTRAS MEDICAS
14039;MM00000110;MM- PM 7,11 x 100ml;MM- PM 7,11 x 100ml;Average;6686;Assembly;MUESTRAS MEDICAS
13869;MM00000111;MM ENROMAX L.A. x 100ml;MM ENROMAX L.A. x 100ml;Average;6686;Assembly;MUESTRAS MEDICAS
14041;MM00000113;MM- POTENCIAL 25% x 250mL;MM- POTENCIAL 25% x 250mL;Average;6686;Assembly;MUESTRAS MEDICAS
14042;MM00000114;MM- 5X1 EVOLUTION x 250mL;MM- 5X1 EVOLUTION x 250mL;Average;6686;Assembly;MUESTRAS MEDICAS
13870;MM00000115;MM DEXALAN x 100mL;MM DEXALAN x 100mL;Average;6686;Assembly;MUESTRAS MEDICAS
14071;MM00000119;MM- BIOMICIN SUPER x CJA50;MM- BIOMICIN SUPER x CJA50;Average;6686;Assembly;MUESTRAS MEDICAS
14099;MM00000121;MM- HEPATIN x 250mL;MM- HEPATIN x 250mL;Average;6686;Assembly;MUESTRAS MEDICAS
14065;MM00000125;MM- BIOMEC 120 L.A. DORADO x 20ml;MM- BIOMEC 120 L.A. DORADO x 20ml;Average;6686;Assembly;MUESTRAS MEDICAS
14076;MM00000126;MM- BIOMIZONA DORADA L.A. x 50ml;MM- BIOMIZONA DORADA L.A. x 50ml;Average;6686;Assembly;MUESTRAS MEDICAS
14064;MM00000127;MM- BIOMEC 120 L.A. DORADO EXPORT x 20 mL;MM- BIOMEC 120 L.A. DORADO EXPORT x 20 mL;Average;6686;Assembly;MUESTRAS MEDICAS
14122;MM00000128;MM- ULTRAVIT NF CON MINERALES + METIONINA x CJA50;MM- ULTRAVIT NF CON MINERALES + METIONINA x CJA50;Average;6686;Assembly;MUESTRAS MEDICAS
13828;MM00000132;MM EQUAMOX JERINGA x 12g;MM EQUAMOX JERINGA x 12g;Average;6686;Assembly;MUESTRAS MEDICAS
14096;MM00000133;MM- FERRODEX x 50 ml;MM- FERRODEX x 50 ml;Average;6686;Assembly;MUESTRAS MEDICAS
14077;MM00000134;MM- BIOMIZONA x 100ml;MM- BIOMIZONA x 100ml;Average;6686;Assembly;MUESTRAS MEDICAS
14078;MM00000135;MM- BIOMIZONA x 250ml;MM- BIOMIZONA x 250ml;Average;6686;Assembly;MUESTRAS MEDICAS
14090;MM00000140;MM- FENACUR x 1L;MM- FENACUR x 1L;Average;6686;Assembly;MUESTRAS MEDICAS
14060;MM00000142;MM- AUMENTHA ATP x 250 ml;MM- AUMENTHA ATP x 250 ml;Average;6686;Assembly;MUESTRAS MEDICAS
14097;MM00000144;MM- HEMATOVIT x 100 ml;MM- HEMATOVIT x 100 ml;Average;6686;Assembly;MUESTRAS MEDICAS
14062;MM00000145;MM- BIO C X 250 ML;MM- BIO C X 250 ML;Average;6686;Assembly;MUESTRAS MEDICAS
13871;MM00000147;MM- ULTRAVIT NF CON MINERALES + METIONINA x 100g;MM- ULTRAVIT NF CON MINERALES + METIONINA x 100g;Average;6686;Assembly;MUESTRAS MEDICAS
14055;MM00000148;MM- 5x1 GOLD MAX x 250ml;MM- 5x1 GOLD MAX x 250ml;Average;6686;Assembly;MUESTRAS MEDICAS
13872;MM00000149;MM- BIOMEC 120 L.A. DORADO x 100mL;MM- BIOMEC 120 L.A. DORADO x 100mL;Average;6686;Assembly;MUESTRAS MEDICAS
13873;MM00000150;MM- COMPLEJO B ELECTROLITOS x 100g;MM- COMPLEJO B ELECTROLITOS x 100g;Average;6686;Assembly;MUESTRAS MEDICAS
14070;MM00000151;MM- BIOMICIN SUPER x 200g;MM- BIOMICIN SUPER x 200g;Average;6686;Assembly;MUESTRAS MEDICAS
14107;MM00000153;MM- PROMOTHOR x 500ML;MM- PROMOTHOR x 500ML;Average;6686;Assembly;MUESTRAS MEDICAS
13874;MM00000158;MM BIOMIZONA DORADA L.A. x 100 ml;MM BIOMIZONA DORADA L.A. x 100 ml;Average;6686;Assembly;MUESTRAS MEDICAS
14098;MM00000160;MM- HEPATIN CAPS X 30 CAPSULAS;MM- HEPATIN CAPS X 30 CAPSULAS;Average;6686;Assembly;MUESTRAS MEDICAS
14115;MM00000162;MM- SUPER L.A. x 100 ml;MM- SUPER L.A. x 100 ml;Average;6686;Assembly;MUESTRAS MEDICAS
14079;MM00000163;MM- BIOVALGINA x 250mL;MM- BIOVALGINA x 250mL;Average;6686;Assembly;MUESTRAS MEDICAS
14102;MM00000164;MM- PM 7.11 x 250 mL;MM- PM 7.11 x 250 mL;Average;6686;Assembly;MUESTRAS MEDICAS
13875;MM00000165;MM- 5X1 DORADO X 500 ML;MM- 5X1 DORADO X 500 ML;Average;6686;Assembly;MUESTRAS MEDICAS
13876;MM00000166;MM HEPATIN x 100ml;MM HEPATIN x 100ml;Average;6686;Assembly;MUESTRAS MEDICAS
13877;MM00000167;MM- COMPLEX B x 250mL;MM- COMPLEX B x 250mL;Average;6686;Assembly;MUESTRAS MEDICAS
14085;MM00000168;MM- DEXALAN x 250mL;MM- DEXALAN x 250mL;Average;6686;Assembly;MUESTRAS MEDICAS
14124;MM00000169;MM- ZEROLAC x 250ml;MM- ZEROLAC x 250ml;Average;6686;Assembly;MUESTRAS MEDICAS
14074;MM00000170;MM- BIOMISIL 1% x 250mL;MM- BIOMISIL 1% x 250mL;Average;6686;Assembly;MUESTRAS MEDICAS
14073;MM00000171;MM- BIOMISIL 1% x 100mL;MM- BIOMISIL 1% x 100mL;Average;6686;Assembly;MUESTRAS MEDICAS
14108;MM00000172;MM- QUETAMIN x 100ml;MM- QUETAMIN x 100ml;Average;6686;Assembly;MUESTRAS MEDICAS
14091;MM00000176;MM- FENACUR x 500 mL;MM- FENACUR x 500 mL;Average;6686;Assembly;MUESTRAS MEDICAS
13829;MM00000184;MM GERIAX x 100ml;MM GERIAX x 100ml;Average;6686;Assembly;MUESTRAS MEDICAS
14118;MM00000185;MM- TELOPAR TABS CAJA X 100 TABLETAS;MM- TELOPAR TABS CAJA X 100 TABLETAS;Average;6686;Assembly;MUESTRAS MEDICAS
14052;MM00000188;MM- 5X1 DORADO x 1 L;MM- 5X1 DORADO x 1 L;Average;6686;Assembly;MUESTRAS MEDICAS
14056;MM00000189;MM- 5x1 GOLD MAX x 500 mL;MM- 5x1 GOLD MAX x 500 mL;Average;6686;Assembly;MUESTRAS MEDICAS
13878;MM00000190;MM- BIOMEC F x 100 mL;MM- BIOMEC F x 100 mL;Average;6686;Assembly;MUESTRAS MEDICAS
14106;MM00000197;MM- PROMOTHOR x 250 mL;MM- PROMOTHOR x 250 mL;Average;6686;Assembly;MUESTRAS MEDICAS
14113;MM00000199;MM- RIVOLTA 6% - PIPETA x 0.25%;MM- RIVOLTA 6% - PIPETA x 0.25%;Average;6686;Assembly;MUESTRAS MEDICAS
14114;MM00000200;MM- RIVOLTA 6% - PIPETA x 0.75%;MM- RIVOLTA 6% - PIPETA x 0.75%;Average;6686;Assembly;MUESTRAS MEDICAS
14109;MM00000201;MM- RIVOLTA 12% - PIPETA x 0.25%;MM- RIVOLTA 12% - PIPETA x 0.25%;Average;6686;Assembly;MUESTRAS MEDICAS
14110;MM00000202;MM- RIVOLTA 12% - PIPETA x 0.50%;MM- RIVOLTA 12% - PIPETA x 0.50%;Average;6686;Assembly;MUESTRAS MEDICAS
14111;MM00000203;MM- RIVOLTA 12% - PIPETA x 1.00%;MM- RIVOLTA 12% - PIPETA x 1.00%;Average;6686;Assembly;MUESTRAS MEDICAS
14112;MM00000204;MM- RIVOLTA 12% - PIPETA x 2.00%;MM- RIVOLTA 12% - PIPETA x 2.00%;Average;6686;Assembly;MUESTRAS MEDICAS
13879;MM00000207;MM- GIGANTOL ADE x 250ml;MM- GIGANTOL ADE x 250ml;Average;6686;Assembly;MUESTRAS MEDICAS
14082;MM00000211;MM- COMPLEJO B ELECTROLITOS x 1 Kg;MM- COMPLEJO B ELECTROLITOS x 1 Kg;Average;6686;Assembly;MUESTRAS MEDICAS
13880;MM00000214;MM- BIOMISOL ADE x 20 mL*;MM- BIOMISOL ADE x 20 mL*;Average;6686;Assembly;MUESTRAS MEDICAS
14061;MM00000215;MM- AUMENTHA ATP x 500mL;MM- AUMENTHA ATP x 500mL;Average;6686;Assembly;MUESTRAS MEDICAS
14084;MM00000216;MM- COMPLEJO B NF X 1KG;MM- COMPLEJO B NF X 1KG;Average;6686;Assembly;MUESTRAS MEDICAS
14093;MM00000218;MM- FERRODEX X 100 ML;MM- FERRODEX X 100 ML;Average;6686;Assembly;MUESTRAS MEDICAS
14054;MM00000219;MM- 5x1 GOLD MAX x 1 L;MM- 5x1 GOLD MAX x 1 L;Average;6686;Assembly;MUESTRAS MEDICAS
14442;MM00000220;MM FLUXIN X 250ML;MM FLUXIN X 250ML;Average;6686;Assembly;MUESTRAS MEDICAS
13809;MM00000222;MM VAQUERO x 1 L;MM VAQUERO x 1 L;Average;6686;Assembly;MUESTRAS MEDICAS
13810;MM00000223;MM VAQUERO x 250 mL;MM VAQUERO x 250 mL;Average;6686;Assembly;MUESTRAS MEDICAS
13811;MM00000224;MM VAQUERO x CJA 24 FCO. GOTERO x 30 mL;MM VAQUERO x CJA 24 FCO. GOTERO x 30 mL;Average;6686;Assembly;MUESTRAS MEDICAS
14063;MM00000225;MM- BIOFLAM x 250 mL;MM- BIOFLAM x 250 mL;Average;6686;Assembly;MUESTRAS MEDICAS
14009;MM00000226;MM- HEMATOVIT x 250 mL;MM- HEMATOVIT x 250 mL;Average;6686;Assembly;MUESTRAS MEDICAS
14081;MM00000227;MM- CALOI NF x 500 mL;MM- CALOI NF x 500 mL;Average;6686;Assembly;MUESTRAS MEDICAS
14075;MM00000235;MM- BIOMISIL 1% x 50mL;MM- BIOMISIL 1% x 50mL;Average;6686;Assembly;MUESTRAS MEDICAS
14435;MM00000236;MM- OMEGAPEL x 100 mL;MM- OMEGAPEL x 100 mL;Average;6686;Assembly;MUESTRAS MEDICAS
13881;MM00000238;MM- SUPER L.A. x 50 ml;MM- SUPER L.A. x 50 ml;Average;6686;Assembly;MUESTRAS MEDICAS
13825;MM00000239;MM LIVRE x 15 G;MM LIVRE x 15 G;Average;6686;Assembly;MUESTRAS MEDICAS
14121;MM00000240;MM- TOLCOCX x 1L;MM- TOLCOCX x 1L;Average;6686;Assembly;MUESTRAS MEDICAS
13882;MM00000242;MM ORALMEC PLUS  CJ X 100 TAB;MM ORALMEC PLUS  CJ X 100 TAB;Average;6686;Assembly;MUESTRAS MEDICAS
14086;MM00000243;MM- DEXTROVITAM x 500 mL*;MM- DEXTROVITAM x 500 mL*;Average;6686;Assembly;MUESTRAS MEDICAS
13884;MM00000245;MM- VAQUERO FCO. GOTERO x 30 mL;MM- VAQUERO FCO. GOTERO x 30 mL;Average;6686;Assembly;MUESTRAS MEDICAS
13814;MM00000246;MM GERIAX TABLETA FCO X 10 TAB;MM GERIAX TABLETA FCO X 10 TAB;Average;6686;Assembly;MUESTRAS MEDICAS
14044;MM00000247;MM - BIOMIZONA x 500mL;MM - BIOMIZONA x 500mL;Average;6686;Assembly;MUESTRAS MEDICAS
14043;MM00000248;MM - BIOMEC GOLD 3.15% x 250mL;MM - BIOMEC GOLD 3.15% x 250mL;Average;6686;Assembly;MUESTRAS MEDICAS
13812;MM00000252;MM ORALMEC PLUS (B) CJ X 100 TAB;MM ORALMEC PLUS (B) CJ X 100 TAB;Average;6686;Assembly;MUESTRAS MEDICAS
14053;MM00000256;MM- 5X1 DORADO X 250 ML;MM- 5X1 DORADO X 250 ML;Average;6686;Assembly;MUESTRAS MEDICAS
14067;MM00000257;MM- BIOMEC MAX x 1Lt;MM- BIOMEC MAX x 1Lt;Average;6686;Assembly;MUESTRAS MEDICAS
14089;MM00000258;MM- ENROMAX L.A. x 250ml;MM- ENROMAX L.A. x 250ml;Average;6686;Assembly;MUESTRAS MEDICAS
14057;MM00000259;MM- AMINOPROX x 1 L;MM- AMINOPROX x 1 L;Average;6686;Assembly;MUESTRAS MEDICAS
14095;MM00000260;MM- FERRODEX X 250 ML;MM- FERRODEX X 250 ML;Average;6686;Assembly;MUESTRAS MEDICAS
14083;MM00000261;MM- COMPLEJO B ELECTROLITOS X CJA50;MM- COMPLEJO B ELECTROLITOS X CJA50;Average;6686;Assembly;MUESTRAS MEDICAS
13826;MM00000262;MM AMINOPROX x 250 mL;MM AMINOPROX x 250 mL;Average;6686;Assembly;MUESTRAS MEDICAS
14080;MM00000263;MM- CALOI NF x 250mL;MM- CALOI NF x 250mL;Average;6686;Assembly;MUESTRAS MEDICAS
14066;MM00000264;MM- BIOMEC 120 L.A. DORADO x 250mL;MM- BIOMEC 120 L.A. DORADO x 250mL;Average;6686;Assembly;MUESTRAS MEDICAS
13830;MM00000265;MM HEMATOLIC x 30 mL;MM HEMATOLIC x 30 mL;Average;6686;Assembly;MUESTRAS MEDICAS
13819;MM00000266;MM VANTAGGIO x 0.50 mL;MM VANTAGGIO x 0.50 mL;Average;6686;Assembly;MUESTRAS MEDICAS
13820;MM00000267;MM VANTAGGIO x 1.25 mL;MM VANTAGGIO x 1.25 mL;Average;6686;Assembly;MUESTRAS MEDICAS
13822;MM00000268;MM VANTAGGIO x 2.50 mL;MM VANTAGGIO x 2.50 mL;Average;6686;Assembly;MUESTRAS MEDICAS
13823;MM00000269;MM VANTAGGIO x 4.00 mL;MM VANTAGGIO x 4.00 mL;Average;6686;Assembly;MUESTRAS MEDICAS
14094;MM00000270;MM- FERRODEX x 20 mL (CJA x 50 UNID);MM- FERRODEX x 20 mL (CJA x 50 UNID);Average;6686;Assembly;MUESTRAS MEDICAS
13807;MM00000271;MM TILOZONA x 20 mL;MM TILOZONA x 20 mL;Average;6686;Assembly;MUESTRAS MEDICAS
13808;MM00000272;MM TILOZONA x 50 mL;MM TILOZONA x 50 mL;Average;6686;Assembly;MUESTRAS MEDICAS
14072;MM00000273;MM- BIOMICINA L.A. x 250 mL;MM- BIOMICINA L.A. x 250 mL;Average;6686;Assembly;MUESTRAS MEDICAS
14100;MM00000274;MM- HEPATIN X 500ml;MM- HEPATIN X 500ml;Average;6686;Assembly;MUESTRAS MEDICAS
13806;MM00000276;MM TELOPAR TABS (B) CAJA X 30 TAB;MM TELOPAR TABS (B) CAJA X 30 TAB;Average;6686;Assembly;MUESTRAS MEDICAS
13813;MM00000277;MM ORALMEC PLUS (B) CJ X 30 TAB;MM ORALMEC PLUS (B) CJ X 30 TAB;Average;6686;Assembly;MUESTRAS MEDICAS
13791;MM00000278;MM SEMENTAL x 50 mL;MM SEMENTAL x 50 mL;Average;6686;Assembly;MUESTRAS MEDICAS
13792;MM00000279;MM SEMENTAL x 100 mL;MM SEMENTAL x 100 mL;Average;6686;Assembly;MUESTRAS MEDICAS
13885;MM00000280;MM- TELOPAR GEL FCO x 60 mL;MM- TELOPAR GEL FCO x 60 mL;Average;6686;Assembly;MUESTRAS MEDICAS
13816;MM00000281;MM MELOPET BLISTER X 10TAB;MM MELOPET BLISTER X 10TAB;Average;6686;Assembly;MUESTRAS MEDICAS
13817;MM00000282;MM ITRAPET BLISTER X 10TAB;MM ITRAPET BLISTER X 10TAB;Average;6686;Assembly;MUESTRAS MEDICAS
13818;MM00000283;MM DOXIPET BLISTER X 10 TAB;MM DOXIPET BLISTER X 10 TAB;Average;6686;Assembly;MUESTRAS MEDICAS
13815;MM00000284;MM MARVO 20 BLISTER X 10 TAB;MM MARVO 20 BLISTER X 10 TAB;Average;6686;Assembly;MUESTRAS MEDICAS
14120;MM00000285;MM- TILOZONA X 100 ML;MM- TILOZONA X 100 ML;Average;6686;Assembly;MUESTRAS MEDICAS
14443;MM00000290;MM GERIAX TABLETA FRASCO X 30 TAB;MM GERIAX TABLETA FRASCO X 30 TAB;Average;6686;Assembly;MUESTRAS MEDICAS
14444;MM00000291;MM MARVO 20 CAJA X 30 TAB;MM MARVO 20 CAJA X 30 TAB;Average;6686;Assembly;MUESTRAS MEDICAS
14445;MM00000292;MM ITRAPET CAJA X 30 TAB;MM ITRAPET CAJA X 30 TAB;Average;6686;Assembly;MUESTRAS MEDICAS
14446;MM00000293;MM MELOPET CAJA X 30 TAB;MM MELOPET CAJA X 30 TAB;Average;6686;Assembly;MUESTRAS MEDICAS
14447;MM00000294;MM DOXIPET CAJA X 30 TAB;MM DOXIPET CAJA X 30 TAB;Average;6686;Assembly;MUESTRAS MEDICAS
14048;MM00000295;MM - RIVOLTA 12% x 2 mL (1 PIPETA);MM - RIVOLTA 12% x 2 mL (1 PIPETA);Average;6686;Assembly;MUESTRAS MEDICAS
14045;MM00000296;MM - RIVOLTA 12% x 0.25 mL (1 PIPETA);MM - RIVOLTA 12% x 0.25 mL (1 PIPETA);Average;6686;Assembly;MUESTRAS MEDICAS
14051;MM00000297;MM - RIVOLTA 6% x 0.75 mL (1 PIPETA);MM - RIVOLTA 6% x 0.75 mL (1 PIPETA);Average;6686;Assembly;MUESTRAS MEDICAS
14047;MM00000298;MM - RIVOLTA 12% x 1 mL (1 PIPETA);MM - RIVOLTA 12% x 1 mL (1 PIPETA);Average;6686;Assembly;MUESTRAS MEDICAS
14046;MM00000299;MM - RIVOLTA 12% x 0.5 mL (1 PIPETA);MM - RIVOLTA 12% x 0.5 mL (1 PIPETA);Average;6686;Assembly;MUESTRAS MEDICAS
14049;MM00000300;MM - RIVOLTA 6% x 0.25 mL (1 PIPETA);MM - RIVOLTA 6% x 0.25 mL (1 PIPETA);Average;6686;Assembly;MUESTRAS MEDICAS
15170;MM00000302;MM- SEMENTAL X 250ml;MM- SEMENTAL X 250ml;Average;6686;Assembly;MUESTRAS MEDICAS
15295;MM00000303;MM-IMIZOCARB X 50ML.R.S;MM-IMIZOCARB X 50ML.R.S;Average;6686;Assembly;MUESTRAS MEDICAS
15310;MM00000304;MM-FLORBIOMIZONA x 50 mL;MM-FLORBIOMIZONA x 50 mL;Average;6686;Assembly;MUESTRAS MEDICAS
15311;MM00000305;MM-FLORBIOMIZONA x 100 mL;MM-FLORBIOMIZONA x 100 mL;Average;6686;Assembly;MUESTRAS MEDICAS
15352;MM00000306;MM CEFAPET (SOBRE x 10 TAB);MM CEFAPET (SOBRE x 10 TAB);Average;6686;Assembly;MUESTRAS MEDICAS
15353;MM00000307;MM MELOPET 4 (SOBRE x 10 TAB);MM MELOPET 4 (SOBRE x 10 TAB);Average;6686;Assembly;MUESTRAS MEDICAS
15354;MM00000308;MM CEFAPET 600 (SOBRE x 10 TAB);MM CEFAPET 600 (SOBRE x 10 TAB);Average;6686;Assembly;MUESTRAS MEDICAS
15355;MM00000309;MM DOXIPET 200 (SOBRE x 10 TAB);MM DOXIPET 200 (SOBRE x 10 TAB);Average;6686;Assembly;MUESTRAS MEDICAS
15411;MM00000310;MM- OMEGAPEL X 250ml;MM- OMEGAPEL X 250ml;Average;6686;Assembly;MUESTRAS MEDICAS
15431;MM00000311;MM OPRURIX 3.6 (CJA X 10 TAB);MM OPRURIX 3.6 (CJA X 10 TAB);Average;6686;Assembly;MUESTRAS MEDICAS
15432;MM00000312;MM OPRURIX 5.4 (CJA X 10 TAB);MM OPRURIX 5.4 (CJA X 10 TAB);Average;6686;Assembly;MUESTRAS MEDICAS
15433;MM00000313;MM OPRURIX 16 (CJA X 10 TAB);MM OPRURIX 16 (CJA X 10 TAB);Average;6686;Assembly;MUESTRAS MEDICAS
15449;MM00000314;MM-PROTEGGO M 45 mg (CJA x 1 TAB);MM-PROTEGGO M 45 mg (CJA x 1 TAB);Average;6686;Assembly;MUESTRAS MEDICAS
15450;MM00000315;MM-PROTEGGO M 100 mg (CJA x 1 TAB);MM-PROTEGGO M 100 mg (CJA x 1 TAB);Average;6686;Assembly;MUESTRAS MEDICAS
15451;MM00000316;MM-PROTEGGO M (200 mg) (CJA x 1 TAB);MM-PROTEGGO M (200 mg) (CJA x 1 TAB);Average;6686;Assembly;MUESTRAS MEDICAS
15452;MM00000317;MM-PROTEGGO M 400 mg (CJA x 1 TAB);MM-PROTEGGO M 400 mg (CJA x 1 TAB);Average;6686;Assembly;MUESTRAS MEDICAS
15453;MM00000318;MM-PROTEGGO 360 (CJA x 1 TAB);MM-PROTEGGO 360 (CJA x 1 TAB);Average;6686;Assembly;MUESTRAS MEDICAS
15454;MM00000319;MM-PROTEGGO 360 (5 - 10 kg) (CJA x 1 TAB);MM-PROTEGGO 360 (5 - 10 kg) (CJA x 1 TAB);Average;6686;Assembly;MUESTRAS MEDICAS
15455;MM00000320;MM-PROTEGGO 360 (20 - 40 kg) (CJA x 1 TAB);MM-PROTEGGO 360 (20 - 40 kg) (CJA x 1 TAB);Average;6686;Assembly;MUESTRAS MEDICAS
15460;MM00000321;MM-PROTEGGO 360 (2.5 - 5 kg) (CJA x 1 TAB);MM-PROTEGGO 360 (2.5 - 5 kg) (CJA x 1 TAB);Average;6686;Assembly;MUESTRAS MEDICAS
15457;MM00000322;MM-PROTEGGO 3M (500 mg) (CJA x 1 TAB);MM-PROTEGGO 3M (500 mg) (CJA x 1 TAB);Average;6686;Assembly;MUESTRAS MEDICAS
15458;MM00000323;MM-PROTEGGO 3M 250 mg (CJA x 1 TAB);MM-PROTEGGO 3M 250 mg (CJA x 1 TAB);Average;6686;Assembly;MUESTRAS MEDICAS
15459;MM00000324;MM-PROTEGGO 3M 112.5 mg (CJA x 1 TAB);MM-PROTEGGO 3M 112.5 mg (CJA x 1 TAB);Average;6686;Assembly;MUESTRAS MEDICAS
15456;MM00000325;MM-PROTEGGO 3M 1000 mg (CJA x 1 TAB);MM-PROTEGGO 3M 1000 mg (CJA x 1 TAB);Average;6686;Assembly;MUESTRAS MEDICAS
15505;MM00000326;MM-HEPATIN x 20mL (CJA x 50 UNID);MM-HEPATIN x 20mL (CJA x 50 UNID);Average;6686;Assembly;MUESTRAS MEDICAS
15538;MM00000327;MM- SEMENTAL X 500ml;MM- SEMENTAL X 500ml;Average;6686;Assembly;MUESTRAS MEDICAS
15587;MM00000328;MM- SPETTRO DC x CJA20;MM- SPETTRO DC x CJA20;Average;6686;Assembly;MUESTRAS MEDICAS
15588;MM00000329;MM- GIGANTOL X 100 ml;MM- GIGANTOL X 100 ml;Average;6686;Assembly;MUESTRAS MEDICAS
15644;MM00000330;MM RACION BALDE X 4 kg;MM RACION BALDE X 4 kg;Average;6686;Assembly;MUESTRAS MEDICAS
15645;MM00000331;MM RACION BALDE X 1 kg;MM RACION BALDE X 1 kg;Average;6686;Assembly;MUESTRAS MEDICAS
15660;MM00000332;MM - DOXIPET 200 x 30 TABLETAS;MM - DOXIPET 200 x 30 TABLETAS;Average;6686;Assembly;MUESTRAS MEDICAS
15661;MM00000333;MM - MELOPET 4 x 30 TABLETAS;MM - MELOPET 4 x 30 TABLETAS;Average;6686;Assembly;MUESTRAS MEDICAS
15662;MM00000334;MM - CEFAPET 600 x 30 TABLETAS;MM - CEFAPET 600 x 30 TABLETAS;Average;6686;Assembly;MUESTRAS MEDICAS
15663;MM00000335;MM - CEFAPET 300 x 30 TABLETAS;MM - CEFAPET 300 x 30 TABLETAS;Average;6686;Assembly;MUESTRAS MEDICAS
15779;MM00000336;MM-HEPATIN PASTA x 100ml;MM-HEPATIN PASTA x 100ml;Average;6686;Assembly;MUESTRAS MEDICAS
15780;MM00000337;MM-AMINOPROX 30ml (Caja x 24 und.);MM-AMINOPROX 30ml (Caja x 24 und.);Average;6686;Assembly;MUESTRAS MEDICAS
15781;MM00000338;MM-HEMATOLIC x 60ml;MM-HEMATOLIC x 60ml;Average;6686;Assembly;MUESTRAS MEDICAS
15782;MM00000339;MM-GIGANTOL ADE x 100ml;MM-GIGANTOL ADE x 100ml;Average;6686;Assembly;MUESTRAS MEDICAS
15852;MM00000340;MM-HEPATIN TABS (CJA X 10 TAB);MM-HEPATIN TABS (CJA X 10 TAB);Average;6686;Assembly;MUESTRAS MEDICAS
16090;MM00000341;MM-VITALAN ADE x 50 mL;MM-VITALAN ADE x 50 mL;Average;6686;Assembly;MUESTRAS MEDICAS
16091;MM00000342;MM-VITALAN ADE x 100 mL;MM-VITALAN ADE x 100 mL;Average;6686;Assembly;MUESTRAS MEDICAS
16322;MM00000343;MM-OTOLOG LIMPIADOR X 25 ML;MM-OTOLOG LIMPIADOR X 25 ML;Average;6686;Assembly;MUESTRAS MEDICAS
16337;MM00000344;MM-GIGANTOL ADE x 20 mL (CJA X 50 UND);MM-GIGANTOL ADE x 20 mL (CJA X 50 UND);Average;6686;Assembly;MUESTRAS MEDICAS
16352;MM00000345;MM OPRURIX 3.6 (CJA X 20 TAB);MM OPRURIX 3.6 (CJA X 20 TAB);Average;6686;Assembly;MUESTRAS MEDICAS
16353;MM00000346;MM OPRURIX 5.4 (CJA X 20 TAB);MM OPRURIX 5.4 (CJA X 20 TAB);Average;6686;Assembly;MUESTRAS MEDICAS
16354;MM00000347;MM OPRURIX 16 (CJA X 20 TAB);MM OPRURIX 16 (CJA X 20 TAB);Average;6686;Assembly;MUESTRAS MEDICAS
16426;MM00000348;MM-5X1 EVOLUTION CJA 50 SACHETS X 40 ML;MM-5X1 EVOLUTION CJA 50 SACHETS X 40 ML;Average;6686;Assembly;MUESTRAS MEDICAS
17227;MM00000349;MM RACION BALDE X 20 KG;MM RACION BALDE X 20 KG;Average;6686;Assembly;MUESTRAS MEDICAS
17300;MM00000350;MM- BIOMICIN SUPER x 1 KG;MM- BIOMICIN SUPER x 1 KG;Average;6686;Assembly;MUESTRAS MEDICAS
17301;MM00000351;MM- ULTRAVIT NF CON MINERALES + METIONINA X 1 KG;MM- ULTRAVIT NF CON MINERALES + METIONINA X 1 KG;Average;6686;Assembly;MUESTRAS MEDICAS
17407;MM00000354;MM-POTENZA NF X 120.5 G;MM-POTENZA NF X 120.5 G;Average;6686;Assembly;MUESTRAS MEDICAS
17434;MM00000355;MM – CORTIPET (CJA X 10 TAB);MM – CORTIPET (CJA X 10 TAB);Average;6686;Assembly;MUESTRAS MEDICAS
17456;MM00000356;MM – MASCOTABS FCO X 60 TABS;MM – MASCOTABS FCO X 60 TABS;Average;6686;Assembly;MUESTRAS MEDICAS
17457;MM00000357;MM – MASCOTABS FCO X 30 TABS;MM – MASCOTABS FCO X 30 TABS;Average;6686;Assembly;MUESTRAS MEDICAS
17464;MM00000358;MM-AUMENTHA ATP NF X 100 ML;MM-AUMENTHA ATP NF X 100 ML;Average;6686;Assembly;MUESTRAS MEDICAS
17508;MM00000359;MM - TILOZONA X 250 ML;MM - TILOZONA X 250 ML;Average;6686;Assembly;MUESTRAS MEDICAS
17548;MM00000360;MM-CLINDAPET 150 (CJA X 10 TAB);MM-CLINDAPET 150 (CJA X 10 TAB);Average;6686;Assembly;MUESTRAS MEDICAS
17555;MM00000361;MM-CLINDAPET 300 (CJA X 10 TAB);MM-CLINDAPET 300 (CJA X 10 TAB);Average;6686;Assembly;MUESTRAS MEDICAS
17564;MM00000362;MM-PROTEGGO CATS x 0.40 mL  (1 PIPETA);MM-PROTEGGO CATS x 0.40 mL  (1 PIPETA);Average;6686;Assembly;MUESTRAS MEDICAS
17565;MM00000363;MM-PROTEGGO CATS X 0.90 ML (1 PIPETA);MM-PROTEGGO CATS X 0.90 ML (1 PIPETA);Average;6686;Assembly;MUESTRAS MEDICAS
17566;MM00000364;MM-PROTEGGO CATS X 1.78 ML (1 PIPETA);MM-PROTEGGO CATS X 1.78 ML (1 PIPETA);Average;6686;Assembly;MUESTRAS MEDICAS
17573;MM00000365;MM - RANOX X 1 L;MM - RANOX X 1 L;Average;6686;Assembly;MUESTRAS MEDICAS
17574;MM00000366;MM - RANOX SACHETS X 40 ML (CJA X 50 UND);MM - RANOX SACHETS X 40 ML (CJA X 50 UND);Average;6686;Assembly;MUESTRAS MEDICAS
17676;MM00000367;MM GERIAX BIOMONT FRASCO X 30 TAB;MM GERIAX BIOMONT FRASCO X 30 TAB;Average;6686;Assembly;MUESTRAS MEDICAS
17683;MM00000368;MM-PROTEGGO 3M 1400 MG (CJA X 1 TAB);MM-PROTEGGO 3M 1400 MG (CJA X 1 TAB);Average;6686;Assembly;MUESTRAS MEDICAS
17756;MM00000369;MM HEPATIN TABS (CJA X 30 TAB);MM HEPATIN TABS (CJA X 30 TAB);Average;6686;Assembly;MUESTRAS MEDICAS
17772;MM00000370;MM – CORTIPET (CJA X 30 TAB);MM – CORTIPET (CJA X 30 TAB);Average;6686;Assembly;MUESTRAS MEDICAS
17704;PIT0000040;PIT-LIVRE X 30 G;PIT-LIVRE X 30 G;Average;6686;Assembly;PRODUCTOS INTERMEDIOS TERCEROS
17705;PIT0000041;PIT-BIOMEC MAX X 30 ML (B);PIT-BIOMEC MAX X 30 ML (B);Average;6686;Assembly;PRODUCTOS INTERMEDIOS TERCEROS
14409;POL0000015;COMPLEJO B NF X 1KG;COMPLEJO B NF X 1KG;Average;6686;Assembly;POLVOS
15264;POL0000033;RACION BALDE X 20 kg;RACION BALDE X 20 kg;Average;6686;Assembly;POLVOS
15265;POL0000034;RACION BALDE X 4 kg;RACION BALDE X 4 kg;Average;6686;Assembly;POLVOS
15268;POL0000035;RACION BALDE X 1 kg;RACION BALDE X 1 kg;Average;6686;Assembly;POLVOS
16425;POL0000036;RACION BALDE X 10 kg;RACION BALDE X 10 kg;Average;6686;Assembly;POLVOS
17506;POL0000037;RACION SOBRE X 1 KG;RACION SOBRE X 1 KG;Average;6686;Assembly;POLVOS
12840;SEM0000031;BALSAMO HIDRATANTE PETCO FCO X 28 G;BALSAMO HIDRATANTE PETCO FCO X 28 G;Average;6686;Assembly;SEMISOLIDOS
12839;SEM0000032;BÁLSAMO HIDRATANTE S/ ETIQUETA FCO X 28 g;BÁLSAMO HIDRATANTE S/ ETIQUETA FCO X 28 g;Average;6686;Assembly;SEMISOLIDOS
14380;SEM0000033;CREMA CURATIVA PETCO FCO X 28 g;CREMA CURATIVA PETCO FCO X 28 g;Average;6686;Assembly;SEMISOLIDOS
14381;SEM0000034;CREMA CURATIVA S/ ETIQUETA FCO X 28 g;CREMA CURATIVA S/ ETIQUETA FCO X 28 g;Average;6686;Assembly;SEMISOLIDOS
14125;SEM0000172;EQUAMOX JERINGA x 12g;EQUAMOX JERINGA x 12g;Average;6686;Assembly;SEMISOLIDOS
15559;SEM0000207;HEPATIN PASTA X 100 mL;HEPATIN PASTA X 100 mL;Average;6686;Assembly;SEMISOLIDOS
15571;SEM0000208;PASTA CICATRIZANTE PETCO FCO X 60 g;PASTA CICATRIZANTE PETCO FCO X 60 g;Average;6686;Assembly;SEMISOLIDOS
15632;SEM0000209;PASTA CICATRIZANTE PETCO FCO X 30 g;PASTA CICATRIZANTE PETCO FCO X 30 g;Average;6686;Assembly;SEMISOLIDOS
17406;SEM0000210;POTENZA NF X 120.5 G;POTENZA NF X 120.5 G;Average;6686;Assembly;SEMISOLIDOS
17670;SEM0000211;LIVRE X 30 G;LIVRE X 30 G;Average;6686;Assembly;SEMISOLIDOS
12056;SOL0000018;HEPATIN CAPS X 30 CAPSULAS X 530MG;HEPATIN CAPS X 30 CAPSULAS X 530MG;Average;6686;Assembly;SOLIDOS
12078;SOL0000022;TELOPAR TABS (B) CJ X 30 TAB;TELOPAR TABS (B) CJ X 30 TAB;Average;6686;Assembly;SOLIDOS
15277;SOL0000029;CEFAPET (CJA x 30 TAB);CEFAPET (CJA x 30 TAB);Average;6686;Assembly;SOLIDOS
15278;SOL0000030;CEFAPET 600 (CJA x 30 TAB);CEFAPET 600 (CJA x 30 TAB);Average;6686;Assembly;SOLIDOS
15415;SOL0000035;OPRURIX 16 (CJA X 20 TAB);OPRURIX 16 (CJA X 20 TAB);Average;6686;Assembly;SOLIDOS
15416;SOL0000036;OPRURIX 3.6 (CJA X 20 TAB);OPRURIX 3.6 (CJA X 20 TAB);Average;6686;Assembly;SOLIDOS
15417;SOL0000037;OPRURIX 5.4 (CJA X 20 TAB);OPRURIX 5.4 (CJA X 20 TAB);Average;6686;Assembly;SOLIDOS
15437;SOL0000038;PROTEGGO 360 (2.5 - 5 kg) (CJA x 1 TAB);PROTEGGO 360 (2.5 - 5 kg) (CJA x 1 TAB);Average;6686;Assembly;SOLIDOS
15438;SOL0000039;PROTEGGO 360 (20 - 40 kg) (CJA x 1 TAB;PROTEGGO 360 (20 - 40 kg) (CJA x 1 TAB;Average;6686;Assembly;SOLIDOS
15439;SOL0000040;PROTEGGO 360 (CJA x 1 TAB);PROTEGGO 360 (CJA x 1 TAB);Average;6686;Assembly;SOLIDOS
15440;SOL0000041;PROTEGGO 360 (5 - 10 kg) (CJA x 1 TAB);PROTEGGO 360 (5 - 10 kg) (CJA x 1 TAB);Average;6686;Assembly;SOLIDOS
15614;SOL0000050;HEPATIN TABS (CJA X 30 TAB);HEPATIN TABS (CJA X 30 TAB);Average;6686;Assembly;SOLIDOS
17158;SOL0000051;PROTEGGO 3M 1400 mg (CJA x 1 TAB);PROTEGGO 3M 1400 mg (CJA x 1 TAB);Average;6686;Assembly;SOLIDOS
17345;SOL0000052;PETCO DIGESTIVO FCO X 30 CAPS;PETCO DIGESTIVO FCO X 30 CAPS;Average;6686;Assembly;SOLIDOS
17417;SOL0000053;PETCO INMUNOLÓGICO FCO X 30 CAPS;PETCO INMUNOLÓGICO FCO X 30 CAPS;Average;6686;Assembly;SOLIDOS
17433;SOL0000054;CORTIPET (CJA X 30 TAB);CORTIPET (CJA X 30 TAB);Average;6686;Assembly;SOLIDOS
17439;SOL0000055;GERIAX BIOMONT FRASCO X 30 TAB;GERIAX BIOMONT FRASCO X 30 TAB;Average;6686;Assembly;SOLIDOS
17453;SOL0000056;MASCOTABS FCO X 60 TABS;MASCOTABS FCO X 60 TABS;Average;6686;Assembly;SOLIDOS
17567;SOL0000058;CLINDAPET 150 (CJA X 30 TAB);CLINDAPET 150 (CJA X 30 TAB);Average;6686;Assembly;SOLIDOS
17568;SOL0000059;CLINDAPET 300 (CJA X 30 TAB);CLINDAPET 300 (CJA X 30 TAB);Average;6686;Assembly;SOLIDOS
17731;SOL0000060;PROTEGGO M 560 mg (CJA x 1 TAB);PROTEGGO M 560 mg (CJA x 1 TAB);Average;6686;Assembly;SOLIDOS
12065;SOT0000012;ECTOBULL x 250ML;ECTOBULL x 250ML;Average;6686;Assembly;SOLUCIONES TOPICAS
12066;SOT0000013;ECTOBULL x 1 L;ECTOBULL x 1 L;Average;6686;Assembly;SOLUCIONES TOPICAS
12067;SOT0000026;ECTOBULL X CJA 24 FCO GOTERO;ECTOBULL X CJA 24 FCO GOTERO;Average;6686;Assembly;SOLUCIONES TOPICAS
12074;SOT0000073;VAQUERO x CJA 24 FCO. GOTERO x 30 mL;VAQUERO x CJA 24 FCO. GOTERO x 30 mL;Average;6686;Assembly;SOLUCIONES TOPICAS
12075;SOT0000074;VAQUERO x 250 mL;VAQUERO x 250 mL;Average;6686;Assembly;SOLUCIONES TOPICAS
12076;SOT0000075;VAQUERO x 1 L;VAQUERO x 1 L;Average;6686;Assembly;SOLUCIONES TOPICAS
17557;SOT0000092;PROTEGGO CATS X 0.40 ML (1 PIPETA);PROTEGGO CATS X 0.40 ML (1 PIPETA);Average;6686;Assembly;SOLUCIONES TOPICAS
17558;SOT0000093;PROTEGGO CATS X 0.90 ML (1 PIPETA);PROTEGGO CATS X 0.90 ML (1 PIPETA);Average;6686;Assembly;SOLUCIONES TOPICAS
17559;SOT0000094;PROTEGGO CATS X1.78 ML (1 PIPETA);PROTEGGO CATS X1.78 ML (1 PIPETA);Average;6686;Assembly;SOLUCIONES TOPICAS
